Gender,Age,,1 Mile,5 km,6 km,4 Mile,8 km,5 MIle,10 km,7 Mile,12 km,15 km,10 Mile,20 km,H. Mar,25 km,30 km,Marathon,50 km,50 Mile,100 km,150 km,100 Mile,200 km,
M,`,MOC sec,232.000,769,930,1000,1255,1264,1584,1790,1915,2415,2595,3260,3451,4110,4980,7235,8820,16080,21360,36300,39790,52800,
F,OC sec,FOC sec,253.000,834,1010,1087,1365,1375,1726,1950,2084,2629,2832,3557,3772,4500,5450,7796,9390,17100,23591,39700,43500,57600,
M,5,M5,321.330,1264.803,1599.000,1645.000,2325.366,2345.519,3122.413,3579.000,3150.000,5002.071,5423.197,5362.000,7468.081,6760.000,8191.000,16391.029,14507.000,26447.000,35132.000,59704.000,65444.000,86842.000,
M,6,M6,308.798,1153.962,1452.000,1586.000,2093.411,2111.241,2789.715,3181.000,3419.000,4385.328,4737.130,6053.000,6433.632,7764.000,9540.000,14242.126,17362.000,31654.000,42047.000,71457.000,78327.000,103937.000,
M,7,M7,297.741,1068.056,1339.000,1460.000,1915.738,1931.836,2537.242,2882.000,3091.000,3934.506,4240.196,5376.000,5704.132,6890.000,8479.000,12688.530,15468.000,28201.000,37461.000,63662.000,69783.000,92599.000,
M,8,M8,287.948,1000.260,1249.000,1360.000,1776.614,1791.383,2340.426,2650.000,2839.000,3594.285,3866.786,4877.000,5167.715,6246.000,7691.000,11522.535,14047.000,25609.000,34018.000,57812.000,63370.000,84090.000,
M,9,M9,279.249,946.112,1178.000,1281.000,1665.561,1679.288,2183.924,2468.000,2641.000,3331.034,3579.310,4498.000,4761.313,5755.000,7087.000,10620.963,12948.000,23605.000,31356.000,53288.000,58412.000,77510.000,
M,10,M10,271.504,902.582,1120.000,1217.000,1576.039,1588.738,2057.677,2322.000,2482.000,3122.979,3353.146,4203.000,4446.019,5373.000,6615.000,9909.601,12081.000,22024.000,29256.000,49719.000,54499.000,72319.000,
M,11,M11,264.599,867.554,1073.000,1165.000,1503.354,1515.224,1954.832,2204.000,2355.000,2957.746,3173.924,3971.000,4199.319,5073.000,6242.000,9341.511,11388.000,20762.000,27579.000,46869.000,51375.000,68173.000,
M,12,M12,258.438,839.520,1036.000,1123.000,1444.023,1455.383,1870.572,2108.000,2252.000,2825.222,3030.834,3788.000,4005.339,4835.000,5945.000,8882.750,10829.000,19742.000,26225.000,44567.000,48852.000,64825.000,
M,13,M13,252.944,817.389,1006.000,1089.000,1395.840,1406.633,1801.433,2030.000,2168.000,2718.982,2916.386,3644.000,3852.853,4647.000,5708.000,8511.765,10376.000,18918.000,25129.000,42706.000,46812.000,62118.000,
M,14,M14,248.049,800.375,982.000,1062.000,1356.903,1367.373,1744.878,1966.000,2100.000,2634.450,2826.182,3532.000,3734.444,4499.000,5519.000,8211.327,10010.000,18250.000,24242.000,41199.000,45159.000,59925.000,
M,15,M15,243.697,787.910,964.000,1042.000,1326.078,1336.152,1699.024,1915.000,2046.000,2568.876,2756.240,3447.000,3645.294,4385.000,5373.000,7969.817,9716.000,17713.000,23529.000,39987.000,43831.000,58163.000,
M,16,M16,239.669,779.603,951.000,1026.000,1302.408,1312.156,1662.469,1875.000,2004.000,2519.036,2703.970,3386.000,3581.362,4302.000,5261.000,7779.570,9484.000,17290.000,22968.000,39032.000,42785.000,56774.000,
M,17,M17,235.772,773.331,941.000,1015.000,1284.019,1293.492,1634.169,1845.000,1973.000,2483.546,2667.283,3345.000,3539.487,4242.000,5175.000,7615.789,9284.000,16926.000,22484.000,38211.000,41884.000,55579.000,
M,18,M18,232.932,769.385,935.000,1007.000,1270.886,1280.259,1613.363,1822.000,1949.000,2455.516,2637.731,3310.000,3503.553,4190.000,5100.000,7474.174,9112.000,16612.000,22066.000,37500.000,41105.000,54545.000,
M,19,M19,232.000,769.000,932.000,1004.000,1263.338,1272.526,1599.515,1806.000,1932.000,2432.269,2612.504,3277.000,3468.342,4144.000,5038.000,7367.617,8982.000,16375.000,21752.000,36965.000,40519.000,53768.000,
M,20,M20,232.000,769.000,931.000,1001.000,1257.767,1266.787,1589.085,1795.000,1920.000,2418.628,2598.118,3261.000,3451.000,4118.000,5001.000,7293.347,8891.000,16210.000,21532.000,36593.000,40111.000,53226.000,
M,21,M21,232.000,769.000,930.000,1000.000,1255.000,1264.000,1584.000,1790.000,1915.000,2415.000,2595.000,3260.000,3451.000,4112.000,4985.000,7249.499,8838.000,16112.000,21403.000,36373.000,39870.000,52906.000,
M,22,M22,232.000,769.000,930.000,1000.000,1255.000,1264.000,1584.000,1790.000,1915.000,2415.000,2595.000,3260.000,3451.000,4110.000,4980.000,7235.000,8820.000,16080.000,21360.000,36300.000,39790.000,52800.000,
M,23,M23,232.000,769.000,930.000,1000.000,1255.000,1264.000,1584.000,1790.000,1915.000,2415.000,2595.000,3260.000,3451.000,4110.000,4980.000,7235.000,8820.000,16080.000,21360.000,36300.000,39790.000,52800.000,
M,24,M24,232.000,769.000,930.000,1000.000,1255.000,1264.000,1584.000,1790.000,1915.000,2415.000,2595.000,3260.000,3451.000,4110.000,4980.000,7235.000,8820.000,16080.000,21360.000,36300.000,39790.000,52800.000,
M,25,M25,232.000,769.000,930.000,1000.000,1255.000,1264.000,1584.000,1790.000,1915.000,2415.000,2595.000,3260.000,3451.000,4110.000,4980.000,7235.000,8820.000,16080.000,21360.000,36300.000,39790.000,52800.000,
M,26,M26,232.000,769.000,930.000,1000.000,1255.000,1264.000,1584.000,1790.000,1915.000,2415.000,2595.000,3260.000,3451.000,4110.000,4980.000,7235.000,8820.000,16080.000,21360.000,36300.000,39790.000,52800.000,
M,27,M27,232.000,769.000,930.000,1000.000,1255.000,1264.000,1584.000,1790.000,1915.000,2415.000,2595.000,3260.000,3451.000,4110.000,4980.000,7235.000,8820.000,16080.000,21360.000,36300.000,39790.000,52800.000,
M,28,M28,232.000,769.000,930.000,1000.000,1255.000,1264.000,1584.000,1790.000,1915.000,2415.000,2595.000,3260.000,3451.000,4110.000,4980.000,7235.000,8820.000,16080.000,21360.000,36300.000,39790.000,52800.000,
M,29,M29,232.000,769.000,930.000,1000.000,1255.000,1264.000,1584.000,1790.000,1915.000,2415.000,2595.000,3260.000,3451.000,4110.000,4980.000,7235.000,8820.000,16080.000,21360.000,36300.000,39790.000,52800.000,
M,30,M30,232.000,769.077,930.000,1000.000,1255.000,1264.000,1584.000,1790.000,1915.000,2415.000,2595.000,3260.000,3451.000,4110.000,4980.000,7235.000,8820.000,16080.000,21360.000,36300.000,39790.000,52800.000,
M,31,M31,232.093,769.924,931.000,1001.000,1255.879,1264.885,1584.634,1791.000,1916.000,2415.483,2595.260,3260.000,3451.000,4110.000,4980.000,7235.000,8820.000,16080.000,21360.000,36300.000,39790.000,52800.000,
M,32,M32,232.349,771.701,933.000,1003.000,1257.641,1266.660,1586.380,1792.000,1917.000,2417.175,2597.078,3262.000,3452.381,4111.000,4981.000,7235.000,8820.000,16080.000,21360.000,36300.000,39790.000,52800.000,
M,33,M33,232.791,774.421,936.000,1006.000,1260.673,1269.714,1589.245,1796.000,1921.000,2421.053,2600.982,3266.000,3457.223,4116.000,4984.000,7235.000,8820.000,16080.000,21360.000,36300.000,39790.000,52800.000,
M,34,M34,233.400,778.104,939.000,1010.000,1264.738,1273.680,1593.241,1800.000,1925.000,2426.648,2607.254,3273.000,3464.859,4122.000,4990.000,7235.000,8820.000,16080.000,21360.000,36300.000,39790.000,52800.000,
M,35,M35,234.201,782.777,945.000,1015.000,1269.986,1279.093,1598.547,1806.000,1932.000,2434.721,2615.664,3284.000,3476.027,4132.000,4997.000,7235.000,8820.000,16080.000,21360.000,36300.000,39790.000,52800.000,
M,36,M36,235.199,788.314,950.000,1021.000,1276.444,1285.467,1605.026,1813.000,1939.000,2444.579,2626.252,3297.000,3490.089,4145.000,5008.000,7235.724,8821.000,16082.000,21362.000,36304.000,39794.000,52805.000,
M,37,M37,236.373,794.011,957.000,1027.000,1283.494,1292.566,1612.706,1822.000,1949.000,2456.515,2639.073,3314.000,3507.470,4163.000,5025.000,7250.225,8839.000,16114.000,21405.000,36376.000,39874.000,52911.000,
M,38,M38,237.754,799.792,963.000,1034.000,1291.418,1300.545,1621.788,1832.000,1960.000,2470.588,2654.460,3333.000,3528.269,4186.000,5051.000,7283.068,8879.000,16187.000,21502.000,36541.000,40054.000,53151.000,
M,39,M39,239.323,805.657,970.000,1041.000,1300.114,1309.166,1632.148,1844.000,1973.000,2487.127,2672.227,3356.000,3552.604,4215.000,5086.000,7334.009,8941.000,16300.000,21652.000,36797.000,40335.000,53523.000,
M,40,M40,241.089,811.609,977.000,1049.000,1309.474,1318.590,1643.836,1858.000,1987.000,2505.967,2692.747,3382.000,3580.618,4249.000,5128.000,7395.482,9016.000,16437.000,21834.000,37105.000,40673.000,53971.000,
M,41,M41,243.085,817.650,985.000,1057.000,1319.525,1328.848,1656.730,1872.000,2003.000,2526.151,2714.435,3410.000,3609.833,4283.000,5170.000,7457.994,9092.000,16576.000,22018.000,37419.000,41016.000,54427.000,
M,42,M42,245.139,823.781,992.000,1065.000,1329.872,1339.125,1669.829,1887.000,2019.000,2546.394,2736.187,3438.000,3639.144,4319.000,5214.000,7521.572,9169.000,16717.000,22206.000,37738.000,41366.000,54891.000,
M,43,M43,247.229,830.005,1000.000,1073.000,1340.239,1349.706,1683.137,1902.000,2035.000,2566.964,2758.584,3466.000,3669.325,4355.000,5258.000,7586.243,9248.000,16861.000,22397.000,38062.000,41722.000,55363.000,
M,44,M44,249.355,836.324,1007.000,1082.000,1350.770,1360.310,1696.658,1918.000,2052.000,2588.147,2781.350,3495.000,3700.011,4392.000,5302.000,7652.036,9328.000,17007.000,22591.000,38392.000,42084.000,55843.000,
M,45,M45,251.518,842.740,1015.000,1090.000,1361.614,1371.230,1710.398,1933.000,2068.000,2609.682,2804.496,3524.000,3731.214,4429.000,5348.000,7718.980,9410.000,17156.000,22789.000,38728.000,42452.000,56332.000,
M,46,M46,253.718,849.255,1023.000,1099.000,1372.485,1382.176,1724.363,1949.000,2086.000,2631.292,2828.030,3554.000,3762.948,4467.000,5394.000,7787.106,9493.000,17307.000,22990.000,39070.000,42826.000,56829.000,
M,47,M47,255.958,855.871,1031.000,1107.000,1383.682,1393.452,1738.558,1965.000,2103.000,2653.263,2851.648,3584.000,3794.810,4506.000,5441.000,7856.445,9578.000,17461.000,23195.000,39418.000,43208.000,57335.000,
M,48,M48,258.237,862.591,1039.000,1116.000,1394.909,1404.757,1752.988,1982.000,2120.000,2675.900,2875.984,3615.000,3827.640,4545.000,5489.000,7927.030,9664.000,17618.000,23403.000,39772.000,43596.000,57850.000,
M,49,M49,260.557,869.418,1048.000,1125.000,1406.320,1416.246,1767.660,1998.000,2138.000,2698.626,2900.738,3647.000,3861.043,4585.000,5538.000,7998.894,9751.000,17778.000,23615.000,40133.000,43991.000,58375.000,
M,50,M50,262.919,876.353,1056.000,1134.000,1418.079,1428.087,1782.579,2015.000,2157.000,2722.047,2925.922,3679.000,3895.034,4626.000,5588.000,8072.074,9840.000,17940.000,23831.000,40500.000,44394.000,58909.000,
M,51,M51,265.325,883.400,1065.000,1144.000,1429.874,1439.964,1797.753,2033.000,2175.000,2745.878,2951.211,3711.000,3929.629,4667.000,5639.000,8146.605,9931.000,18106.000,24051.000,40874.000,44804.000,59453.000,
M,52,M52,267.775,890.562,1074.000,1153.000,1442.031,1452.206,1813.187,2050.000,2194.000,2769.813,2977.283,3744.000,3964.388,4709.000,5689.000,8222.525,10024.000,18275.000,24275.000,41255.000,45221.000,60007.000,
M,53,M53,270.270,897.840,1083.000,1163.000,1454.229,1464.488,1828.888,2068.000,2213.000,2794.169,3003.820,3778.000,4000.232,4752.000,5742.000,8299.874,10118.000,18447.000,24504.000,41643.000,45646.000,60571.000,
M,54,M54,272.813,905.238,1092.000,1173.000,1466.636,1477.153,1844.864,2086.000,2233.000,2819.286,3030.834,3812.000,4036.729,4796.000,5795.000,8378.691,10214.000,18622.000,24737.000,42038.000,46080.000,61146.000,
M,55,M55,275.404,912.760,1101.000,1183.000,1479.429,1489.863,1861.121,2105.000,2253.000,2844.858,3057.978,3847.000,4073.899,4840.000,5850.000,8459.020,10312.000,18800.000,24974.000,42441.000,46522.000,61733.000,
M,56,M56,278.044,920.407,1110.000,1193.000,1492.271,1502.794,1877.667,2124.000,2273.000,2870.557,3085.979,3883.000,4111.760,4886.000,5905.000,8540.904,10412.000,18982.000,25215.000,42852.000,46972.000,62330.000,
M,57,M57,280.736,928.183,1120.000,1203.000,1505.338,1516.133,1894.510,2143.000,2293.000,2896.725,3114.498,3919.000,4149.832,4932.000,5962.000,8624.389,10514.000,19168.000,25462.000,43271.000,47431.000,62940.000,
M,58,M58,283.480,936.093,1129.000,1213.000,1518.819,1529.526,1911.658,2162.000,2314.000,2923.729,3143.549,3956.000,4189.124,4979.000,6020.000,8709.522,10618.000,19357.000,25713.000,43698.000,47899.000,63561.000,
M,59,M59,286.278,944.138,1139.000,1224.000,1532.357,1543.346,1929.119,2182.000,2336.000,2951.240,3173.147,3993.000,4229.167,5027.000,6078.000,8796.353,10723.000,19550.000,25970.000,44134.000,48377.000,64195.000,
M,60,M60,289.133,952.322,1149.000,1235.000,1546.328,1557.226,1946.903,2203.000,2358.000,2978.907,3202.913,4032.000,4269.983,5076.000,6138.000,8884.932,10831.000,19747.000,26231.000,44578.000,48864.000,64841.000,
M,61,M61,292.044,960.650,1160.000,1246.000,1560.363,1571.553,1965.017,2223.000,2380.000,3007.472,3233.645,4071.000,4311.594,5126.000,6199.000,8975.313,10942.000,19948.000,26498.000,45032.000,49361.000,65501.000,
M,62,M62,295.015,969.124,1170.000,1257.000,1574.655,1585.947,1983.471,2244.000,2402.000,3036.208,3264.972,4110.000,4353.475,5176.000,6262.000,9067.552,11054.000,20153.000,26770.000,45494.000,49868.000,66174.000,
M,63,M63,298.047,977.750,1181.000,1269.000,1589.412,1600.608,2002.275,2266.000,2425.000,3065.888,3296.913,4151.000,4396.738,5228.000,6325.000,9161.707,11169.000,20362.000,27048.000,45967.000,50386.000,66861.000,
M,64,M64,301.142,986.530,1191.000,1280.000,1604.244,1615.748,2021.440,2287.000,2449.000,3095.757,3329.057,4192.000,4440.870,5281.000,6390.000,9257.837,11286.000,20576.000,27332.000,46449.000,50915.000,67562.000,
M,65,M65,304.302,995.469,1202.000,1292.000,1619.564,1630.968,2040.974,2310.000,2473.000,3126.618,3362.270,4235.000,4485.896,5336.000,6457.000,9356.007,11406.000,20794.000,27622.000,46942.000,51455.000,68279.000,
M,66,M66,307.529,1004.572,1214.000,1304.000,1634.966,1646.691,2060.890,2332.000,2497.000,3158.101,3396.152,4278.000,4531.845,5391.000,6524.000,9456.280,11528.000,21017.000,27918.000,47445.000,52006.000,69011.000,
M,67,M67,310.950,1013.843,1225.000,1317.000,1650.664,1662.502,2081.198,2356.000,2522.000,3189.803,3430.724,4322.000,4578.137,5447.000,6593.000,9558.726,11653.000,21245.000,28220.000,47959.000,52570.000,69758.000,
M,68,M68,314.747,1023.423,1237.000,1329.000,1666.888,1678.842,2101.911,2379.000,2548.000,3222.148,3465.545,4367.000,4626.005,5504.000,6663.000,9663.417,11780.000,21477.000,28529.000,48484.000,53145.000,70522.000,
M,69,M69,318.988,1034.158,1249.000,1343.000,1683.886,1695.961,2123.040,2403.000,2573.000,3255.594,3501.552,4413.000,4674.885,5563.000,6735.000,9770.425,11911.000,21715.000,28845.000,49021.000,53734.000,71303.000,
M,70,M70,323.751,1045.832,1263.000,1358.000,1701.695,1713.666,2144.598,2428.000,2600.000,3289.743,3538.315,4460.000,4724.808,5623.000,6809.000,9879.831,12044.000,21958.000,29168.000,49570.000,54336.000,72102.000,
M,71,M71,328.985,1058.645,1278.000,1374.000,1720.592,1732.931,2167.488,2454.000,2628.000,3325.530,3577.337,4510.000,4777.793,5687.000,6886.000,9991.714,12181.000,22207.000,29499.000,50131.000,54951.000,72918.000,
M,72,M72,334.825,1072.674,1295.000,1391.000,1741.604,1754.094,2192.995,2483.000,2659.000,3365.854,3620.762,4565.000,4836.720,5756.000,6970.000,10111.810,12327.000,22474.000,29853.000,50734.000,55611.000,73795.000,
M,73,M73,341.227,1088.002,1313.000,1410.000,1764.871,1777.528,2221.287,2515.000,2694.000,3410.054,3668.882,4626.000,4901.989,5833.000,7062.000,10243.523,12488.000,22767.000,30242.000,51395.000,56336.000,74756.000,
M,74,M74,348.296,1104.885,1333.000,1431.000,1790.555,1803.138,2252.239,2551.000,2732.000,3459.390,3722.031,4694.000,4974.056,5919.000,7164.000,10390.636,12667.000,23093.000,30676.000,52133.000,57145.000,75829.000,
M,75,M75,356.156,1123.120,1354.000,1454.000,1818.314,1831.088,2286.374,2590.000,2774.000,3512.727,3779.493,4768.000,5052.709,6011.000,7276.000,10551.261,12863.000,23450.000,31151.000,52939.000,58028.000,77002.000,
M,76,M76,364.780,1142.985,1378.000,1479.000,1848.851,1862.110,2323.944,2632.000,2820.000,3571.957,3843.306,4850.000,5139.241,6114.000,7401.000,10729.646,13080.000,23847.000,31677.000,53834.000,59009.000,78303.000,
M,77,M77,374.375,1164.622,1403.000,1507.000,1882.406,1895.621,2365.238,2680.000,2870.000,3636.501,3913.437,4939.000,5234.339,6227.000,7536.000,10924.053,13317.000,24279.000,32251.000,54809.000,60079.000,79722.000,
M,78,M78,384.934,1188.195,1431.000,1537.000,1918.960,1932.426,2410.225,2731.000,2925.000,3707.969,3990.466,5037.000,5338.800,6350.000,7685.000,11139.338,13580.000,24758.000,32887.000,55889.000,61263.000,81293.000,
M,79,M79,396.649,1214.083,1462.000,1569.000,1959.101,1972.842,2459.627,2787.000,2986.000,3785.860,4074.423,5145.000,5453.540,6487.000,7849.000,11373.998,13866.000,25279.000,33580.000,57066.000,62553.000,83006.000,
M,80,M80,409.749,1242.126,1495.000,1605.000,2002.873,2016.914,2513.887,2849.000,3080.000,3871.433,4167.336,5264.000,5579.628,6637.000,8030.000,11633.703,14182.000,25856.000,34346.000,58370.000,63981.000,84901.000,
M,81,M81,424.287,1272.757,1532.000,1644.000,2050.989,2065.359,2573.099,2917.000,3126.000,3964.866,4268.092,5393.000,5717.362,6799.000,8226.000,11917.312,14528.000,26487.000,35184.000,59792.000,65541.000,86971.000,
M,82,M82,440.646,1306.268,1571.000,1686.000,2103.587,2118.317,2638.241,2991.000,3206.000,4067.711,4379.747,5536.000,5869.048,6979.000,8444.000,12231.615,14911.000,27185.000,36112.000,61369.000,67270.000,89265.000,
M,83,M83,458.952,1342.997,1615.000,1733.000,2161.185,2176.309,2710.009,3073.000,3294.000,4181.818,4502.863,5693.000,6036.383,7178.000,8684.000,12576.047,15331.000,27951.000,37128.000,63098.000,69164.000,91778.000,
M,84,M84,479.636,1383.591,1664.000,1785.000,2224.783,2240.340,2788.732,3163.000,3391.000,4306.348,4638.070,5866.000,6221.381,7397.000,8949.000,12958.983,15798.000,28802.000,38259.000,65019.000,71270.000,94573.000,
M,85,M85,503.254,1428.041,1717.000,1842.000,2295.172,2311.209,2875.817,3263.000,3498.000,4445.058,4787.823,6059.000,6426.443,7641.000,9241.000,13380.803,16312.000,29739.000,39504.000,67135.000,73590.000,97651.000,
M,86,M86,530.165,1477.142,1775.000,1904.000,2372.849,2389.414,2972.415,3374.000,3617.000,4599.124,4954.181,6274.000,6654.454,7911.000,9568.000,13852.192,16887.000,30787.000,40896.000,69500.000,76182.000,101091.000,
M,87,M87,561.336,1531.567,1840.000,1974.000,2458.856,2476.004,3079.914,3496.000,3750.000,4769.899,5139.632,6511.000,6907.526,8212.000,9930.000,14375.124,17524.000,31949.000,42440.000,72124.000,79058.000,104908.000,
M,88,M88,597.476,1592.133,1913.000,2052.000,2554.967,2572.766,3199.354,3633.000,3897.000,4960.970,5346.106,6778.000,7191.081,8548.000,10338.000,14963.806,18242.000,33257.000,44178.000,75078.000,82296.000,109204.000,
M,89,M89,640.000,1660.190,1994.000,2139.000,2662.847,2681.375,3333.333,3787.000,4062.000,5174.630,5578.246,7078.000,7510.337,8927.000,10796.000,15622.976,19046.000,34723.000,46124.000,78385.000,85921.000,114014.000,
M,90,M90,690.887,1736.284,2085.000,2236.000,2783.940,2803.282,3484.382,3960.000,4250.000,5417.227,5840.648,7416.000,7871.807,9356.000,11313.000,16372.482,19959.000,36388.000,48337.000,82145.000,90043.000,119484.000,
M,91,M91,752.270,1822.275,2188.000,2346.000,2920.642,2940.903,3654.822,4156.000,4461.000,5691.728,6137.654,7801.000,8281.737,9844.000,11902.000,17222.090,20995.000,38277.000,50845.000,86408.000,94716.000,125684.000,
M,92,M92,828.276,1920.100,2305.000,2472.000,3075.980,3097.280,3849.332,4380.000,4702.000,6005.969,6479.401,8245.000,8754.439,10405.000,12579.000,18201.258,22189.000,40453.000,53736.000,91321.000,100101.000,132830.000,
M,93,M93,923.935,2032.241,2440.000,2616.000,3255.512,3278.008,4073.026,4636.000,4979.000,6368.671,6872.352,8754.000,9299.380,11051.000,13362.000,19329.415,23564.000,42960.000,57067.000,96981.000,106305.000,141063.000,
M,94,M94,1048.351,2162.542,2596.000,2783.000,3463.024,3486.897,4331.419,4934.000,5302.000,6789.429,7330.508,9352.000,9936.654,11810.000,14278.000,20653.725,25178.000,45904.000,60976.000,103625.000,113588.000,150728.000,
M,95,M95,1217.209,2314.174,2778.000,2978.000,3705.344,3730.815,4634.289,5283.000,5679.000,7285.068,7870.792,10056.000,10690.830,12705.000,15356.000,22213.694,27080.000,49371.000,65582.000,111452.000,122168.000,162112.000,
M,96,M96,1457.286,2493.515,2993.000,3209.000,3991.730,4020.356,4993.695,5699.000,6130.000,7876.712,8516.574,10903.000,11596.102,13778.000,16656.000,24092.574,29371.000,53546.000,71129.000,120879.000,132501.000,175824.000,
M,97,M97,1828.211,2708.700,3252.000,3487.000,4338.057,4367.657,5426.516,6200.000,6672.000,8594.306,9297.743,11933.000,12696.836,15088.000,18235.000,26376.230,32155.000,58622.000,77871.000,132337.000,145060.000,192490.000,
M,98,M98,2470.714,2971.406,3567.000,3826.000,4759.196,4793.326,5954.887,6814.000,7340.000,9481.743,10269.094,13214.000,14074.225,16721.000,20211.000,29232.323,35636.000,64970.000,86303.000,146667.000,160768.000,213333.000,
M,99,M99,3860.233,3300.429,3963.000,4250.000,5288.664,5324.347,6616.541,7585.000,8177.000,10601.405,11492.471,14852.000,15830.275,18810.000,22729.000,32871.422,40073.000,73058.000,97047.000,164925.000,180781.000,239891.000,
M,100,M100,9133.858,3720.368,4469.000,4792.000,5964.829,6007.605,7468.175,8581.000,9265.000,12062.937,13099.445,17006.000,18153.603,21575.000,26073.000,37701.928,45961.000,83794.000,111308.000,189161.000,207348.000,275143.000,
F,5,F5,350.416,1208.170,1466.000,1579.000,1987.768,2002.330,2519.708,2899.000,3128.000,4087.376,4453.530,5798.000,6203.947,7608.000,9500.000,14423.682,17373.000,31637.000,43647.000,73451.000,80481.000,106568.000,
F,6,F6,336.750,1154.805,1400.000,1508.000,1896.887,1911.049,2402.896,2758.000,2973.000,3867.314,4207.399,5451.000,5826.382,7112.000,8834.000,13272.046,15986.000,29111.000,40162.000,67586.000,74055.000,98059.000,
F,7,F7,324.692,1108.011,1343.000,1446.000,1818.303,1831.624,2301.947,2637.000,2840.000,3680.011,3998.306,5160.000,5508.982,6700.000,8289.000,12353.034,14879.000,27096.000,37381.000,62906.000,68927.000,91269.000,
F,8,F8,314.013,1067.042,1293.000,1392.000,1749.776,1762.595,2214.524,2533.000,2725.000,3518.940,3819.285,4911.000,5238.889,6354.000,7836.000,11604.644,13977.000,25454.000,35116.000,59095.000,64751.000,85740.000,
F,9,F9,304.526,1030.775,1249.000,1345.000,1689.775,1702.154,2138.256,2442.000,2625.000,3379.612,3664.596,4698.000,5007.301,6061.000,7456.000,10991.118,13238.000,24108.000,33260.000,55971.000,61328.000,81207.000,
F,10,F10,296.080,998.683,1210.000,1303.000,1636.887,1648.879,2071.283,2362.000,2537.000,3258.552,3530.292,4514.000,4808.158,5810.000,7135.000,10481.312,12624.000,22990.000,31717.000,53375.000,58483.000,77440.000,
F,11,F11,288.549,970.219,1176.000,1266.000,1590.724,1602.377,2013.063,2293.000,2461.000,3153.412,3414.105,4355.000,4635.615,5596.000,6863.000,10058.057,12115.000,22062.000,30436.000,51219.000,56122.000,74313.000,
F,12,F12,281.831,944.828,1145.000,1233.000,1549.903,1561.258,1961.810,2232.000,2395.000,3061.961,3312.668,4216.000,4486.204,5411.000,6632.000,9703.759,11688.000,21285.000,29364.000,49415.000,54145.000,71695.000,
F,13,F13,275.840,922.362,1118.000,1204.000,1513.975,1525.067,1916.926,2179.000,2336.000,2981.740,3224.044,4096.000,4356.161,5253.000,6435.000,9409.777,11334.000,20640.000,28474.000,47918.000,52505.000,69523.000,
F,14,F14,270.501,902.304,1094.000,1178.000,1482.407,1493.429,1877.924,2133.000,2286.000,2912.051,3147.016,3991.000,4242.970,5116.000,6268.000,9165.295,11039.000,20103.000,27735.000,46673.000,51140.000,67717.000,
F,15,F15,265.756,884.130,1073.000,1156.000,1454.604,1465.416,1844.017,2092.000,2242.000,2851.719,3080.270,3901.000,4145.055,4999.000,6128.000,8966.072,10799.000,19666.000,27132.000,45658.000,50029.000,66245.000,
F,16,F16,261.364,866.764,1053.000,1134.000,1428.871,1439.489,1813.025,2056.000,2202.000,2796.511,3019.190,3818.000,4055.914,4894.000,6002.000,8790.168,10587.000,19281.000,26599.000,44763.000,49047.000,64945.000,
F,17,F17,257.114,850.066,1033.000,1113.000,1404.032,1414.464,1783.058,2021.000,2163.000,2743.686,2960.795,3739.000,3970.526,4793.000,5880.000,8621.033,10384.000,18910.000,26088.000,43901.000,48104.000,63696.000,
F,18,F18,254.016,837.938,1018.000,1097.000,1383.960,1394.241,1757.637,1990.000,2130.000,2698.071,2910.287,3671.000,3896.694,4704.000,5770.000,8458.284,10188.000,18553.000,25595.000,43073.000,47195.000,62493.000,
F,19,F19,253.000,834.000,1012.000,1090.000,1372.411,1382.604,1739.919,1969.000,2106.000,2664.707,2873.377,3620.000,3841.141,4632.000,5676.000,8301.565,9999.000,18209.000,25121.000,42275.000,46321.000,61335.000,
F,20,F20,253.000,834.000,1011.000,1088.000,1366.914,1376.928,1729.459,1956.000,2091.000,2643.008,2848.521,3584.000,3802.419,4578.000,5599.000,8160.787,9829.000,17900.000,24695.000,41558.000,45535.000,60295.000,
F,21,F21,253.000,834.000,1010.000,1087.000,1365.000,1375.000,1726.000,1951.000,2085.000,2631.895,2835.686,3564.000,3779.559,4541.000,5543.000,8046.238,9691.000,17649.000,24348.000,40974.000,44896.000,59449.000,
F,22,F22,253.000,834.000,1010.000,1087.000,1365.000,1375.000,1726.000,1950.000,2084.000,2629.000,2832.000,3557.000,3772.000,4522.000,5506.000,7954.290,9581.000,17447.000,24070.000,40506.000,44383.000,58770.000,
F,23,F23,253.000,834.000,1010.000,1087.000,1365.000,1375.000,1726.000,1950.000,2084.000,2629.000,2832.000,3557.000,3772.000,4512.000,5481.000,7884.304,9496.000,17294.000,23858.000,40150.000,43993.000,58252.000,
F,24,F24,253.000,834.000,1010.000,1087.000,1365.000,1375.000,1726.000,1950.000,2084.000,2629.000,2832.000,3557.000,3772.000,4505.000,5464.000,7835.176,9437.000,17186.000,23710.000,39899.000,43719.000,57889.000,
F,25,F25,253.000,834.000,1010.000,1087.000,1365.000,1375.000,1726.000,1950.000,2084.000,2629.000,2832.000,3557.000,3772.000,4501.000,5453.000,7805.366,9401.000,17121.000,23619.000,39748.000,43552.000,57669.000,
F,26,F26,253.000,834.000,1010.000,1087.000,1365.000,1375.000,1726.000,1950.000,2084.000,2629.000,2832.000,3557.000,3772.000,4500.000,5450.000,7796.000,9390.000,17100.000,23591.000,39700.000,43500.000,57600.000,
F,27,F27,253.000,834.250,1010.000,1087.000,1365.137,1375.138,1726.000,1950.000,2084.000,2629.000,2832.000,3557.000,3772.000,4500.000,5450.000,7796.000,9390.000,17100.000,23591.000,39700.000,43500.000,57600.000,
F,28,F28,253.000,834.835,1011.000,1088.000,1365.683,1375.688,1726.345,1950.000,2084.000,2629.526,2832.567,3558.000,3772.755,4501.000,5451.000,7797.560,9392.000,17103.000,23596.000,39708.000,43509.000,57612.000,
F,29,F29,253.000,835.923,1012.000,1089.000,1366.914,1376.790,1727.555,1952.000,2086.000,2631.368,2834.551,3560.000,3775.398,4504.000,5454.000,7802.242,9398.000,17114.000,23610.000,39732.000,43535.000,57646.000,
F,30,F30,253.000,837.433,1014.000,1091.000,1368.695,1378.723,1729.459,1954.000,2088.000,2634.533,2837.960,3564.000,3779.938,4509.000,5460.000,7809.276,9406.000,17129.000,23631.000,39768.000,43574.000,57698.000,
F,31,F31,253.000,839.372,1016.000,1093.000,1371.170,1381.215,1732.236,1957.000,2092.000,2638.763,2842.517,3571.000,3786.388,4516.000,5469.000,7819.458,9418.000,17151.000,23662.000,39819.000,43631.000,57773.000,
F,32,F32,253.000,841.744,1018.000,1096.000,1374.346,1384.275,1735.720,1961.000,2096.000,2644.337,2848.521,3578.000,3794.387,4525.000,5479.000,7832.814,9434.000,17181.000,23702.000,39887.000,43705.000,57872.000,
F,33,F33,253.000,844.557,1022.000,1099.000,1377.953,1388.048,1739.919,1966.000,2101.000,2651.003,2855.702,3587.000,3804.337,4537.000,5492.000,7849.376,9454.000,17217.000,23753.000,39972.000,43798.000,57994.000,
F,34,F34,253.000,847.906,1025.000,1103.000,1382.558,1392.546,1745.021,1972.000,2107.000,2659.047,2864.367,3598.000,3816.269,4550.000,5507.000,7869.183,9478.000,17261.000,23812.000,40073.000,43908.000,58141.000,
F,35,F35,254.578,851.629,1030.000,1107.000,1387.759,1397.784,1751.040,1978.000,2115.000,2668.223,2874.543,3611.000,3829.830,4566.000,5525.000,7891.487,9505.000,17309.000,23880.000,40186.000,44033.000,58305.000,
F,36,F36,255.272,855.911,1034.000,1112.000,1393.568,1403.777,1757.816,1986.000,2123.000,2678.826,2885.968,3626.000,3845.448,4583.000,5545.000,7917.132,9536.000,17366.000,23958.000,40317.000,44176.000,58495.000,
F,37,F37,256.125,860.592,1040.000,1118.000,1400.144,1410.256,1765.368,1995.000,2132.000,2690.890,2898.966,3643.000,3863.171,4603.000,5568.000,7946.183,9571.000,17429.000,24045.000,40465.000,44338.000,58710.000,
F,38,F38,257.114,865.864,1046.000,1124.000,1407.507,1417.672,1773.895,2005.000,2143.000,2704.454,2913.580,3661.000,3883.055,4626.000,5594.000,7978.713,9610.000,17501.000,24144.000,40630.000,44519.000,58950.000,
F,39,F39,258.242,871.656,1052.000,1131.000,1415.535,1425.757,1783.242,2015.000,2154.000,2718.999,2929.554,3682.000,3904.762,4651.000,5622.000,8014.804,9654.000,17580.000,24253.000,40814.000,44721.000,59217.000,
F,40,F40,259.540,877.987,1060.000,1139.000,1424.397,1434.683,1793.619,2027.000,2167.000,2735.407,2947.237,3704.000,3928.757,4678.000,5653.000,8053.719,9700.000,17665.000,24371.000,41012.000,44938.000,59504.000,
F,41,F41,260.959,884.881,1068.000,1147.000,1433.974,1444.328,1804.873,2040.000,2181.000,2753.168,2966.688,3729.000,3955.122,4707.000,5687.000,8096.376,9752.000,17759.000,24500.000,41230.000,45176.000,59819.000,
F,42,F42,262.557,892.360,1076.000,1156.000,1444.444,1454.873,1817.033,2054.000,2196.000,2772.622,2987.657,3756.000,3983.946,4740.000,5724.000,8142.887,9808.000,17861.000,24641.000,41466.000,45436.000,60163.000,
F,43,F43,264.285,900.453,1085.000,1166.000,1456.000,1466.354,1830.523,2069.000,2212.000,2793.539,3010.524,3785.000,4014.902,4775.000,5764.000,8193.379,9869.000,17972.000,24793.000,41724.000,45717.000,60536.000,
F,44,F44,266.204,909.289,1095.000,1177.000,1468.216,1478.813,1844.805,2086.000,2230.000,2816.283,3035.044,3817.000,4048.513,4813.000,5807.000,8247.117,9933.000,18089.000,24956.000,41997.000,46017.000,60933.000,
F,45,F45,268.293,918.705,1106.000,1188.000,1481.441,1492.132,1860.315,2103.000,2249.000,2840.934,3061.622,3851.000,4084.904,4854.000,5853.000,8305.988,10004.000,18219.000,25134.000,42297.000,46346.000,61368.000,
F,46,F46,270.559,928.731,1118.000,1200.000,1495.726,1506.354,1877.107,2123.000,2269.000,2867.270,3090.354,3887.000,4123.756,4898.000,5903.000,8368.398,10079.000,18356.000,25323.000,42615.000,46694.000,61829.000,
F,47,F47,273.041,938.872,1130.000,1212.000,1510.624,1521.354,1894.829,2143.000,2291.000,2895.374,3120.661,3926.000,4165.654,4945.000,5956.000,8435.404,10160.000,18502.000,25526.000,42956.000,47068.000,62324.000,
F,48,F48,275.689,949.237,1142.000,1225.000,1526.333,1537.172,1914.162,2165.000,2315.000,2925.988,3154.026,3969.000,4210.761,4995.000,6013.000,8506.274,10245.000,18658.000,25740.000,43317.000,47463.000,62848.000,
F,49,F49,278.573,959.834,1154.000,1239.000,1543.070,1554.024,1934.761,2188.000,2340.000,2958.587,3189.189,4014.000,4259.259,5049.000,6075.000,8583.067,10338.000,18826.000,25973.000,43708.000,47892.000,63415.000,
F,50,F50,281.580,970.670,1167.000,1253.000,1560.357,1571.429,1956.472,2213.000,2367.000,2992.601,3226.247,4061.000,4309.380,5106.000,6139.000,8664.148,10436.000,19004.000,26218.000,44121.000,48344.000,64014.000,
F,51,F51,284.653,981.754,1181.000,1267.000,1578.035,1589.228,1978.677,2239.000,2394.000,3027.755,3264.177,4110.000,4361.198,5165.000,6207.000,8750.702,10540.000,19194.000,26480.000,44562.000,48827.000,64654.000,
F,52,F52,287.794,993.094,1194.000,1282.000,1596.305,1607.811,2001.624,2265.000,2422.000,3063.745,3303.009,4159.000,4413.761,5225.000,6277.000,8843.013,10651.000,19397.000,26759.000,45032.000,49342.000,65336.000,
F,53,F53,291.005,1004.698,1208.000,1297.000,1615.002,1626.449,2024.871,2291.000,2451.000,3100.601,3342.776,4210.000,4468.136,5288.000,6350.000,8940.367,10768.000,19610.000,27054.000,45528.000,49885.000,66055.000,
F,54,F54,294.289,1016.577,1222.000,1312.000,1633.948,1645.524,2048.665,2318.000,2480.000,3137.980,3383.513,4262.000,4523.324,5352.000,6426.000,9045.133,10895.000,19840.000,27371.000,46061.000,50470.000,66829.000,
F,55,F55,297.647,1028.741,1237.000,1328.000,1653.543,1665.254,2073.273,2346.000,2510.000,3176.655,3425.254,4316.000,4580.449,5419.000,6506.000,9155.608,11028.000,20082.000,27705.000,46624.000,51086.000,67645.000,
F,56,F56,301.083,1041.329,1252.000,1344.000,1673.615,1685.462,2098.225,2375.000,2541.000,3215.902,3468.038,4370.000,4638.465,5488.000,6588.000,9273.225,11169.000,20340.000,28061.000,47223.000,51743.000,68514.000,
F,57,F57,304.599,1054.095,1268.000,1360.000,1694.179,1706.167,2124.046,2404.000,2572.000,3256.534,3511.905,4427.000,4698.555,5560.000,6675.000,9396.167,11317.000,20610.000,28433.000,47849.000,52429.000,69423.000,
F,58,F58,308.198,1067.179,1283.000,1377.000,1715.040,1727.170,2150.243,2434.000,2604.000,3297.792,3556.895,4484.000,4759.621,5633.000,6763.000,9523.577,11471.000,20889.000,28819.000,48497.000,53140.000,70364.000,
F,59,F59,311.922,1080.591,1299.000,1394.000,1736.641,1748.919,2177.094,2465.000,2637.000,3340.534,3603.053,4543.000,4822.913,5708.000,6854.000,9653.294,11627.000,21174.000,29211.000,49158.000,53863.000,71322.000,
F,60,F60,315.698,1094.345,1316.000,1412.000,1758.794,1771.222,2204.905,2497.000,2671.000,3384.398,3650.425,4604.000,4887.276,5786.000,6949.000,9787.822,11789.000,21469.000,29618.000,49843.000,54614.000,72316.000,
F,61,F61,319.565,1108.453,1333.000,1430.000,1781.287,1793.868,2233.148,2529.000,2706.000,3428.981,3699.060,4667.000,4954.032,5865.000,7045.000,9926.152,11956.000,21772.000,30037.000,50547.000,55386.000,73338.000,
F,62,F62,323.529,1122.930,1350.000,1449.000,1804.601,1817.341,2262.420,2562.000,2742.000,3475.215,3749.007,4731.000,5021.968,5946.000,7144.000,10067.149,12126.000,22082.000,30464.000,51265.000,56173.000,74380.000,
F,63,F63,327.593,1137.790,1368.000,1468.000,1828.288,1841.436,2292.165,2597.000,2779.000,3522.712,3800.322,4796.000,5092.480,6031.000,7245.000,10213.546,12302.000,22403.000,30907.000,52011.000,56989.000,75462.000,
F,64,F64,331.760,1153.049,1386.000,1488.000,1852.857,1865.925,2322.702,2631.000,2816.000,3571.040,3853.061,4864.000,5164.294,6116.000,7350.000,10362.887,12482.000,22730.000,31359.000,52772.000,57823.000,76565.000,
F,65,F65,336.034,1168.722,1405.000,1508.000,1878.096,1891.334,2354.385,2668.000,2855.000,3621.212,3907.285,4934.000,5238.889,6205.000,7458.000,10518.079,12669.000,23071.000,31828.000,53562.000,58689.000,77712.000,
F,66,F66,340.420,1184.996,1425.000,1529.000,1903.766,1917.445,2386.615,2705.000,2895.000,3672.301,3963.056,5005.000,5314.922,6296.000,7568.000,10677.989,12861.000,23421.000,32312.000,54376.000,59581.000,78893.000,
F,67,F67,344.922,1201.556,1445.000,1550.000,1930.420,1944.287,2420.079,2743.000,2936.000,3725.379,4021.014,5079.000,5393.965,6391.000,7683.000,10841.329,13058.000,23780.000,32806.000,55208.000,60492.000,80100.000,
F,68,F68,349.544,1218.586,1465.000,1572.000,1957.831,1971.609,2454.145,2782.000,2978.000,3780.014,4079.516,5155.000,5474.601,6487.000,7801.000,11011.299,13263.000,24153.000,33321.000,56073.000,61441.000,81356.000,
F,69,F69,354.342,1236.105,1486.000,1595.000,1985.743,2000.000,2489.184,2822.000,3021.000,3835.716,4140.351,5233.000,5558.503,6588.000,7923.000,11185.079,13472.000,24534.000,33846.000,56958.000,62410.000,82640.000,
F,70,F70,359.222,1254.135,1508.000,1618.000,2014.760,2029.221,2525.607,2863.000,3066.000,3893.661,4203.028,5314.000,5644.172,6690.000,8048.000,11366.088,13690.000,24931.000,34394.000,57880.000,63420.000,83977.000,
F,71,F71,364.238,1272.700,1530.000,1642.000,2044.638,2059.000,2562.732,2906.000,3112.000,3953.383,4267.631,5398.000,5733.394,6798.000,8177.000,11553.053,13915.000,25341.000,34960.000,58832.000,64464.000,85359.000,
F,72,F72,369.397,1291.822,1553.000,1667.000,2075.414,2089.983,2601.356,2950.000,3159.000,4014.353,4334.252,5483.000,5824.583,6906.000,8310.000,11744.501,14146.000,25761.000,35539.000,59807.000,65532.000,86773.000,
F,73,F73,374.704,1311.527,1577.000,1692.000,2106.807,2121.586,2640.759,2995.000,3208.000,4077.866,4403.670,5572.000,5919.648,7020.000,8448.000,11944.232,14386.000,26199.000,36144.000,60824.000,66646.000,88249.000,
F,74,F74,380.165,1331.843,1601.000,1718.000,2139.163,2154.497,2681.373,3042.000,3258.000,4142.767,4473.934,5663.000,6016.909,7138.000,8594.000,12156.557,14642.000,26665.000,36786.000,61906.000,67831.000,89818.000,
F,75,F75,385.788,1352.798,1626.000,1745.000,2172.875,2188.445,2723.686,3090.000,3311.000,4210.442,4547.936,5758.000,6118.410,7263.000,8751.000,12394.277,14928.000,27186.000,37506.000,63116.000,69157.000,91574.000,
F,76,F76,391.580,1374.650,1653.000,1774.000,2208.738,2224.199,2768.688,3142.000,3366.000,4282.456,4625.939,5858.000,6225.450,7398.000,8920.000,12657.899,15246.000,27764.000,38303.000,64459.000,70628.000,93522.000,
F,77,F77,397.549,1396.985,1681.000,1804.000,2247.284,2263.374,2818.880,3199.000,3428.000,4362.761,4712.146,5970.000,6344.828,7545.000,9108.000,12948.015,15595.000,28401.000,39181.000,65936.000,72247.000,95665.000,
F,78,F78,403.702,1421.268,1711.000,1837.000,2289.884,2306.273,2874.271,3263.000,3497.000,4451.405,4809.783,6096.000,6478.873,7712.000,9319.000,13272.046,15986.000,29111.000,40162.000,67586.000,74055.000,98059.000,
F,79,F79,410.182,1448.420,1744.000,1873.000,2337.329,2354.049,2935.873,3334.000,3573.000,4550.805,4916.667,6235.000,6626.845,7896.000,9551.000,13629.371,16416.000,29895.000,41243.000,69406.000,76049.000,100699.000,
F,80,F80,417.354,1478.723,1782.000,1914.000,2390.124,2407.213,3004.352,3412.000,3657.000,4660.521,5036.457,6388.000,6791.502,8101.000,9809.000,14029.152,16898.000,30772.000,42453.000,71441.000,78280.000,103653.000,
F,81,F81,425.496,1512.239,1824.000,1960.000,2448.430,2465.925,3079.943,3499.000,3751.000,4782.609,5169.770,6562.000,6976.142,8330.000,10100.000,14474.564,17434.000,31749.000,43801.000,73710.000,80765.000,106944.000,
F,82,F82,434.633,1549.610,1870.000,2010.000,2513.349,2531.296,3164.070,3596.000,3855.000,4918.616,5317.311,6753.000,7180.659,8585.000,10421.000,14969.278,18030.000,32834.000,45298.000,76229.000,83525.000,110599.000,
F,83,F83,444.953,1590.996,1921.000,2065.000,2584.738,2603.674,3257.218,3703.000,3971.000,5069.418,5481.998,6966.000,7409.153,8869.000,10781.000,15526.787,18701.000,34057.000,46985.000,79068.000,86636.000,114718.000,
F,84,F84,456.514,1637.220,1978.000,2128.000,2664.975,2684.498,3361.246,3823.000,4100.000,5238.095,5665.133,7206.000,7665.109,9187.000,11184.000,16150.818,19453.000,35426.000,48873.000,82246.000,90118.000,119329.000,
F,85,F85,469.562,1688.943,2042.000,2197.000,2754.793,2774.975,3477.735,3957.000,4245.000,5428.453,5873.082,7476.000,7954.450,9548.000,11640.000,16859.862,20307.000,36981.000,51019.000,85856.000,94074.000,124567.000,
F,86,F86,484.211,1746.597,2114.000,2275.000,2855.051,2875.967,3607.860,4107.000,4408.000,5641.631,6104.764,7780.000,8279.192,9954.000,12157.000,17665.987,21278.000,38749.000,53458.000,89961.000,98572.000,130523.000,
F,87,F87,500.693,1811.468,2195.000,2363.000,2968.037,2989.780,3754.623,4277.000,4590.000,5882.748,6368.338,8123.000,8647.409,10414.000,12743.000,18584.029,22384.000,40763.000,56236.000,94636.000,103695.000,137306.000,
F,88,F88,519.401,1884.320,2285.000,2460.000,3095.238,3117.914,3920.055,4468.000,4799.000,6156.909,6668.236,8518.000,9069.488,10944.000,13417.000,19647.177,23664.000,43095.000,59453.000,100050.000,109627.000,145161.000,
F,89,F89,540.598,1966.981,2388.000,2572.000,3239.203,3263.708,4108.546,4686.000,5035.000,6468.996,7009.901,8966.000,9551.785,11550.000,14193.000,20878.415,25147.000,45795.000,63179.000,106320.000,116497.000,154258.000,
F,90,F90,564.732,2061.295,2505.000,2700.000,3404.839,3430.639,4324.731,4937.000,5305.000,6828.571,7403.922,9485.000,10109.890,12255.000,15101.000,22331.710,26898.000,48983.000,67577.000,113721.000,124606.000,164996.000,
F,91,F91,592.506,2169.051,2640.000,2846.000,3594.943,3622.234,4573.397,5226.000,5620.000,7248.415,7862.299,10097.000,10764.840,13085.000,16172.000,24061.728,28981.000,52778.000,72812.000,122531.000,134259.000,177778.000,
F,92,F92,624.537,2293.729,2795.000,3016.000,3816.047,3845.078,4863.342,5565.000,5987.000,7739.182,8401.068,10812.000,11535.168,14067.000,17446.000,26143.528,31489.000,57344.000,79111.000,133132.000,145875.000,193159.000,
F,93,F93,661.957,2439.310,2978.000,3214.000,4074.627,4105.703,5203.497,5961.000,6420.000,8319.620,9039.259,11666.000,12457.067,15249.000,18996.000,28714.549,34586.000,62983.000,86891.000,146225.000,160221.000,212155.000,
F,94,F94,705.915,2610.329,3192.000,3449.000,4382.022,4415.543,5609.360,6438.000,6937.000,9018.868,9812.890,12708.000,13578.114,16698.000,20905.000,31937.730,38468.000,70053.000,96645.000,162638.000,178206.000,235969.000,
F,95,F95,758.393,2813.765,3449.000,3729.000,4752.786,4789.272,6101.096,7014.000,7570.000,9879.744,10763.968,13998.000,14974.196,18511.000,23330.000,36126.043,43513.000,79240.000,109319.000,183967.000,201576.000,266914.000,
F,96,F96,821.695,3060.550,3762.000,4071.000,5203.965,5246.089,6705.517,7729.000,8349.000,10954.167,11954.411,15628.000,16742.122,20853.000,26495.000,41756.829,50295.000,91591.000,126358.000,212641.000,232994.000,308516.000,
F,97,F97,899.396,3365.617,4150.000,4497.000,5771.670,5818.874,7468.628,8636.000,9345.000,12336.931,13492.139,17758.000,19060.131,23949.000,30774.000,49687.699,59847.000,108987.000,150357.000,253027.000,277247.000,367113.000,
F,98,F98,997.241,3751.687,4644.000,5039.000,6500.000,6553.861,8456.639,9819.000,10649.000,14180.151,15551.895,20668.000,22240.566,28302.000,36924.000,61774.960,74406.000,135499.000,186933.000,314580.000,344691.000,456418.000,
F,99,F99,1123.446,4252.932,5291.000,5754.000,7471.264,7534.247,9790.130,11430.000,12434.000,16755.895,18449.511,24839.000,26827.881,34776.000,46462.000,82236.287,99051.000,180380.000,248850.000,418776.000,458861.000,607595.000,
F,100,F100,1292.135,4929.078,6177.000,6735.000,8829.237,8905.440,11685.850,13752.000,15025.000,20587.314,22801.932,31367.000,34043.321,45455.000,63152.000,124736.000,150240.000,273600.000,377456.000,635200.000,696000.000,921600.000,
,,,,,,,,,,,,,,,,,,,,,,,,,
"Compiled by Alan Jones, alanjones@grests.com",,,,,,,,,,,,,,,,,,,,,,,,,
https://github.com/AlanLyttonJones/Age-Grade-Tables,,,,,,,,,,,,,,,,,,,,,,,,,
Running age bests by Tom Bernhard,,,,,,,,,,,,,,,,,,,,,,,,,
tlbernhard2@gmail.com,,,,,,,,,,,,,,,,,,,,,,,,,
Approved 2025-01-10 by Masters Long Distance Running (MLDR) of USA Track&Field (USATF),,,,,,,,,,,,,,,,,,,,,,,,,
